sample	key	EL_score_mut_max	EL_score_ref_max	Patient	Func.ensGene	Gene.ensGene	ExonicFunc.ensGene	AAChange.ensGene	key
Pt7_pre	10:104641748:G:	0.9726	0.216	Pt7					
Pt54_pre	10:122631044:G:	0.9042	0.0014	Pt54					
Pt54_pre	10:17752548:G:A	0.9904	0.1594	Pt54	exonic	TMEM236	nonsynonymous SNV	TMEM236:ENST00000377495.1:exon1:c.G253A:p.G85R	10:17752548:G:A
Pt54_pre	10:20001819:G:A	0.9288	0.1008	Pt54	exonic	PLXDC2	nonsynonymous SNV	PLXDC2:ENST00000377242.7:exon2:c.G157A:p.E53K,PLXDC2:ENST00000377252.4:exon2:c.G157A:p.E53K	10:20001819:G:A
Pt58_on	10:92834799:G:A	0.9257	0.0472	Pt58	exonic	EXOC6	nonsynonymous SNV	EXOC6:ENST00000371552.8:exon1:c.G61A:p.E21K	10:92834799:G:A
Pt58_pre	10:92834799:G:A	0.9257	0.0472	Pt58	exonic	EXOC6	nonsynonymous SNV	EXOC6:ENST00000371552.8:exon1:c.G61A:p.E21K	10:92834799:G:A
Pt89_on	11:126463189:C:	0.9419	0.0211	Pt89					
Pt89_pre	11:126463189:C:	0.9419	0.0211	Pt89					
Pt23_on	11:32103293:C:T	0.913	0.0698	Pt23	exonic	RCN1	nonsynonymous SNV	RCN1:ENST00000054950.3:exon5:c.C701T:p.S234F,RCN1:ENST00000532942.5:exon5:c.C548T:p.S183F	11:32103293:C:T
Pt60_on	11:49156754:C:T	0.9612	0.2116	Pt60	exonic	FOLH1	nonsynonymous SNV	FOLH1:ENST00000343844.8:exon13:c.G662A:p.G221E,FOLH1:ENST00000256999.6:exon15:c.G1586A:p.G529E,FOLH1:ENST00000356696.7:exon15:c.G1586A:p.G529E,FOLH1:ENST00000340334.11:exon16:c.G1541A:p.G514E,FOLH1:ENST00000533034.1:exon16:c.G1541A:p.G514E	11:49156754:C:T
Pt60_pre	11:49156754:C:T	0.9612	0.2116	Pt60	exonic	FOLH1	nonsynonymous SNV	FOLH1:ENST00000343844.8:exon13:c.G662A:p.G221E,FOLH1:ENST00000256999.6:exon15:c.G1586A:p.G529E,FOLH1:ENST00000356696.7:exon15:c.G1586A:p.G529E,FOLH1:ENST00000340334.11:exon16:c.G1541A:p.G514E,FOLH1:ENST00000533034.1:exon16:c.G1541A:p.G514E	11:49156754:C:T
Pt92_on	11:7939399:C:T	0.9158	0.0403	Pt92	exonic	OR10A3	nonsynonymous SNV	OR10A3:ENST00000360759.3:exon1:c.G122A:p.G41E	11:7939399:C:T
Pt92_pre	11:7939399:C:T	0.9158	0.0403	Pt92	exonic	OR10A3	nonsynonymous SNV	OR10A3:ENST00000360759.3:exon1:c.G122A:p.G41E	11:7939399:C:T
Pt7_pre	11:9588526:C:T	0.9298	0.1703	Pt7	exonic	WEE1	nonsynonymous SNV	WEE1:ENST00000299613.10:exon11:c.C1223T:p.S408F,WEE1:ENST00000450114.6:exon11:c.C1865T:p.S622F	11:9588526:C:T
Pt92_on	12:111519912:G:	0.9562	0.0417	Pt92					
Pt92_pre	12:111519912:G:	0.9562	0.0417	Pt92					
Pt87_pre	12:31984310:C:T	0.9177	0.1663	Pt87	exonic	KIAA1551	nonsynonymous SNV	KIAA1551:ENST00000312561.8:exon4:c.C3355T:p.P1119S	12:31984310:C:T
Pt44_pre	12:48096417:G:A	0.9334	0.0471	Pt44	exonic	SENP1	nonsynonymous SNV	SENP1:ENST00000549595.5:exon3:c.C146T:p.S49F,SENP1:ENST00000448372.5:exon4:c.C146T:p.S49F,SENP1:ENST00000549518.5:exon4:c.C146T:p.S49F	12:48096417:G:A
Pt54_pre	12:55365150:G:A	0.932	0.0688	Pt54	exonic	OR6C75	nonsynonymous SNV	OR6C75:ENST00000343399.3:exon1:c.G40A:p.G14R	12:55365150:G:A
Pt76_pre	12:96522121:G:A	0.9467	0.0514	Pt76	exonic	CFAP54	nonsynonymous SNV	CFAP54:ENST00000524981.8:exon8:c.G1090A:p.E364K	12:96522121:G:A
Pt54_pre	13:45580606:C:T	0.915	0.0515	Pt54	exonic	ERICH6B	nonsynonymous SNV	ERICH6B:ENST00000298738.2:exon6:c.G916A:p.E306K	13:45580606:C:T
Pt54_pre	14:20015148:C:T	0.9419	0.1186	Pt54	exonic	OR4K14	nonsynonymous SNV	OR4K14:ENST00000305045.2:exon1:c.G46A:p.G16R	14:20015148:C:T
Pt4_pre	14:64282726:G:A	0.9286	0.0107	Pt4	exonic	ESR2	nonsynonymous SNV	ESR2:ENST00000267525.10:exon1:c.C260T:p.S87F,ESR2:ENST00000553796.5:exon1:c.C260T:p.S87F,ESR2:ENST00000555278.5:exon1:c.C260T:p.S87F,ESR2:ENST00000557772.5:exon1:c.C260T:p.S87F,ESR2:ENST00000341099.5:exon2:c.C260T:p.S87F,ESR2:ENST00000353772.7:exon2:c.C260T:p.S87F,ESR2:ENST00000358599.9:exon2:c.C260T:p.S87F,ESR2:ENST00000556275.5:exon2:c.C260T:p.S87F,ESR2:ENST00000554572.5:exon7:c.C260T:p.S87F	14:64282726:G:A
Pt87_pre	14:94061054:G:A	0.9136	0.209	Pt87	exonic	DDX24	nonsynonymous SNV	DDX24:ENST00000544005.5:exon3:c.C506T:p.A169V,DDX24:ENST00000622786.4:exon3:c.C134T:p.A45V,DDX24:ENST00000555054.1:exon4:c.C1127T:p.A376V,DDX24:ENST00000621632.4:exon4:c.C1256T:p.A419V,DDX24:ENST00000640432.1:exon4:c.C506T:p.A169V,DDX24:ENST00000330836.9:exon5:c.C1091T:p.A364V	14:94061054:G:A
Pt25_pre	15:28113644:G:A	0.9445	0.1777	Pt25	exonic	HERC2	nonsynonymous SNV	HERC2:ENST00000261609.11:exon91:c.C13948T:p.R4650W	15:28113644:G:A
Pt54_pre	15:50252688:C:T	0.946	0.04	Pt54	exonic	HDC	nonsynonymous SNV	HDC:ENST00000267845.7:exon8:c.G874A:p.G292R,HDC:ENST00000543581.5:exon8:c.G874A:p.G292R	15:50252688:C:T
Pt72_pre	15:86264556:C:T	0.9892	0.1099	Pt72	exonic	AGBL1	nonsynonymous SNV	AGBL1:ENST00000635782.1:exon9:c.C1247T:p.S416F,AGBL1:ENST00000441037.7:exon11:c.C1385T:p.S462F	15:86264556:C:T
Pt46_pre	15:86556256:G:A	0.966	0.0076	Pt46	exonic	AGBL1	nonsynonymous SNV	AGBL1:ENST00000635782.1:exon20:c.G2890A:p.E964K,AGBL1:ENST00000441037.7:exon22:c.G3028A:p.E1010K	15:86556256:G:A
Pt68_pre	15:94298282:C:T	0.9204	0.0321	Pt68	exonic	MCTP2	nonsynonymous SNV	MCTP2:ENST00000357742.8:exon1:c.C17T:p.P6L,MCTP2:ENST00000451018.7:exon1:c.C17T:p.P6L,MCTP2:ENST00000543482.5:exon2:c.C17T:p.P6L	15:94298282:C:T
Pt38_pre	16:1413888:G:A	0.9599	0.1415	Pt38	exonic	UNKL	nonsynonymous SNV	UNKL:ENST00000301712.5:exon2:c.C245T:p.S82F,UNKL:ENST00000389221.8:exon2:c.C245T:p.S82F,UNKL:ENST00000508903.6:exon2:c.C245T:p.S82F	16:1413888:G:A
Pt54_pre	16:20545216:C:T	0.9683	0.1423	Pt54	exonic	ACSM2B	nonsynonymous SNV	ACSM2B:ENST00000414188.6:exon9:c.G1222A:p.G408R,ACSM2B:ENST00000565322.5:exon9:c.G985A:p.G329R,ACSM2B:ENST00000329697.10:exon10:c.G1222A:p.G408R,ACSM2B:ENST00000565232.5:exon11:c.G1222A:p.G408R,ACSM2B:ENST00000567001.5:exon11:c.G1222A:p.G408R	16:20545216:C:T
Pt54_pre	16:23371446:C:T	0.9487	0.1963	Pt54	exonic	SCNN1B	nonsynonymous SNV	SCNN1B:ENST00000568085.5:exon5:c.C1028T:p.S343F,SCNN1B:ENST00000568923.5:exon5:c.C947T:p.S316F,SCNN1B:ENST00000343070.6:exon6:c.C1028T:p.S343F,SCNN1B:ENST00000307331.9:exon7:c.C1163T:p.S388F	16:23371446:C:T
Pt54_pre	16:4787608:G:A	0.9084	0.0879	Pt54	exonic	SEPT12	nonsynonymous SNV	SEPT12:ENST00000268231.12:exon2:c.C38T:p.S13F,SEPT12:ENST00000396693.9:exon2:c.C38T:p.S13F	16:4787608:G:A
Pt106_pre	16:72150772:G:A	0.9541	0.1011	Pt106	exonic	PMFBP1	nonsynonymous SNV	PMFBP1:ENST00000237353.14:exon5:c.C472T:p.H158Y,PMFBP1:ENST00000355636.10:exon5:c.C37T:p.H13Y,PMFBP1:ENST00000537465.5:exon5:c.C472T:p.H158Y	16:72150772:G:A
Pt54_pre	16:88533393:G:A	0.9853	0.0126	Pt54	exonic	ZFPM1	nonsynonymous SNV	ZFPM1:ENST00000319555.7:exon10:c.G1435A:p.G479R	16:88533393:G:A
Pt54_pre	17:10492424:C:T	0.9513	0.0959	Pt54	exonic	MYH1	nonsynonymous SNV	MYH1:ENST00000226207.5:exon40:c.G5812A:p.E1938K	17:10492424:C:T
Pt47_on	17:10533378:C:T	0.9517	0.19	Pt47	exonic	MYH2	nonsynonymous SNV	MYH2:ENST00000245503.9:exon21:c.G2348A:p.R783Q,MYH2:ENST00000397183.6:exon21:c.G2348A:p.R783Q	17:10533378:C:T
Pt47_pre	17:10533378:C:T	0.9517	0.19	Pt47	exonic	MYH2	nonsynonymous SNV	MYH2:ENST00000245503.9:exon21:c.G2348A:p.R783Q,MYH2:ENST00000397183.6:exon21:c.G2348A:p.R783Q	17:10533378:C:T
Pt47_on	17:18141104:G:A	0.9065	0.1483	Pt47	exonic	MYO15A	nonsynonymous SNV	MYO15A:ENST00000615845.4:exon21:c.G5492A:p.G1831E,MYO15A:ENST00000205890.9:exon22:c.G5492A:p.G1831E	17:18141104:G:A
Pt47_pre	17:18141104:G:A	0.9065	0.1483	Pt47	exonic	MYO15A	nonsynonymous SNV	MYO15A:ENST00000615845.4:exon21:c.G5492A:p.G1831E,MYO15A:ENST00000205890.9:exon22:c.G5492A:p.G1831E	17:18141104:G:A
Pt58_pre	17:41478935:G:A	0.9333	0.1399	Pt58	exonic	KRT35	nonsynonymous SNV	KRT35:ENST00000246639.6:exon4:c.C682T:p.P228S,KRT35:ENST00000393989.1:exon4:c.C772T:p.P258S	17:41478935:G:A
Pt65_pre	17:4633278:A:G	0.9539	0.0944	Pt65	exonic	ALOX15	nonsynonymous SNV	ALOX15:ENST00000293761.7:exon10:c.T1286C:p.L429P,ALOX15:ENST00000574640.1:exon10:c.T1169C:p.L390P,ALOX15:ENST00000570836.5:exon11:c.T1286C:p.L429P	17:4633278:A:G
Pt65_pre	17:75662594:G:A	0.9515	0.1684	Pt65	exonic	RECQL5	nonsynonymous SNV	RECQL5:ENST00000317905.9:exon4:c.C656T:p.P219L,RECQL5:ENST00000340830.9:exon4:c.C656T:p.P219L,RECQL5:ENST00000420326.6:exon4:c.C656T:p.P219L,RECQL5:ENST00000423245.6:exon4:c.C575T:p.P192L,RECQL5:ENST00000584999.1:exon4:c.C656T:p.P219L	17:75662594:G:A
Pt13_on	17:7768176:G:A	0.9646	0.2064	Pt13	exonic	DNAH2	nonsynonymous SNV	DNAH2:ENST00000389173.6:exon23:c.G3850A:p.E1284K,DNAH2:ENST00000572933.5:exon24:c.G3850A:p.E1284K	17:7768176:G:A
Pt13_pre	17:7768176:G:A	0.9646	0.2064	Pt13	exonic	DNAH2	nonsynonymous SNV	DNAH2:ENST00000389173.6:exon23:c.G3850A:p.E1284K,DNAH2:ENST00000572933.5:exon24:c.G3850A:p.E1284K	17:7768176:G:A
Pt49_pre	18:33739671:C:T	0.9533	0.0969	Pt49	exonic	ASXL3	nonsynonymous SNV	ASXL3:ENST00000269197.10:exon11:c.C2267T:p.S756F	18:33739671:C:T
Pt54_pre	18:6908968:C:T	0.9363	0.1079	Pt54	exonic	ARHGAP28	nonsynonymous SNV	ARHGAP28:ENST00000314319.7:exon15:c.C1562T:p.S521L,ARHGAP28:ENST00000419673.6:exon16:c.C1562T:p.S521L,ARHGAP28:ENST00000531294.5:exon16:c.C1547T:p.S516L,ARHGAP28:ENST00000383472.8:exon17:c.C2039T:p.S680L	18:6908968:C:T
Pt87_pre	18:74632974:C:T	0.9096	0.1084	Pt87	exonic	ZNF407	nonsynonymous SNV	ZNF407:ENST00000299687.9:exon1:c.C1955T:p.S652F,ZNF407:ENST00000309902.10:exon1:c.C1955T:p.S652F,ZNF407:ENST00000577538.5:exon1:c.C1955T:p.S652F,ZNF407:ENST00000582337.5:exon2:c.C1955T:p.S652F	18:74632974:C:T
Pt54_pre	19:21118019:C:T	0.91	0.0683	Pt54	exonic	ZNF714	nonsynonymous SNV	ZNF714:ENST00000456283.6:exon5:c.C1355T:p.P452L	19:21118019:C:T
Pt54_pre	19:22314615:G:A	0.9844	0.0252	Pt54	exonic	ZNF729	nonsynonymous SNV	ZNF729:ENST00000601693.1:exon4:c.G1198A:p.G400R	19:22314615:G:A
Pt54_pre	19:37537503:C:T	0.9233	0.0565	Pt54	exonic	ZNF793	nonsynonymous SNV	ZNF793:ENST00000445217.5:exon4:c.C845T:p.P282L,ZNF793:ENST00000542455.2:exon4:c.C563T:p.P188L,ZNF793:ENST00000587143.5:exon6:c.C845T:p.P282L	19:37537503:C:T
Pt94_pre	19:41850463:G:A	0.9301	0.0177	Pt94	exonic	DMRTC2	nonsynonymous SNV	DMRTC2:ENST00000596827.5:exon7:c.G907A:p.E303K	19:41850463:G:A
Pt51_on	19:42906955:C:T	0.945	0.2184	Pt51	exonic	PSG6	nonsynonymous SNV	PSG6:ENST00000402603.8:exon4:c.G928A:p.E310K,PSG6:ENST00000187910.6:exon5:c.G1207A:p.E403K,PSG6:ENST00000292125.6:exon5:c.G1207A:p.E403K	19:42906955:C:T
Pt51_pre	19:42906955:C:T	0.945	0.2184	Pt51	exonic	PSG6	nonsynonymous SNV	PSG6:ENST00000402603.8:exon4:c.G928A:p.E310K,PSG6:ENST00000187910.6:exon5:c.G1207A:p.E403K,PSG6:ENST00000292125.6:exon5:c.G1207A:p.E403K	19:42906955:C:T
Pt54_pre	19:43184815:C:T	0.9778	0.1916	Pt54	exonic	PSG5	nonsynonymous SNV	PSG5:ENST00000342951.10:exon2:c.G397A:p.G133R,PSG5:ENST00000366175.7:exon2:c.G397A:p.G133R,PSG5:ENST00000404580.1:exon2:c.G397A:p.G133R,PSG5:ENST00000407356.5:exon2:c.G397A:p.G133R,PSG5:ENST00000407568.5:exon2:c.G397A:p.G133R,PSG5:ENST00000599812.5:exon2:c.G397A:p.G133R	19:43184815:C:T
Pt102_on	19:49692392:G:T	0.9886	0.0846	Pt102	exonic	CPT1C	nonsynonymous SNV	CPT1C:ENST00000323446.9:exon2:c.G140T:p.W47L,CPT1C:ENST00000392518.8:exon3:c.G140T:p.W47L,CPT1C:ENST00000405931.6:exon3:c.G140T:p.W47L,CPT1C:ENST00000598293.5:exon3:c.G140T:p.W47L	19:49692392:G:T
Pt3_on	19:51235186:C:T	0.9402	0.1281	Pt3	exonic	CD33	nonsynonymous SNV	CD33:ENST00000421133.6:exon4:c.C394T:p.H132Y,CD33:ENST00000436584.6:exon4:c.C394T:p.H132Y,CD33:ENST00000262262.4:exon5:c.C775T:p.H259Y,CD33:ENST00000391796.7:exon5:c.C775T:p.H259Y	19:51235186:C:T
Pt3_pre	19:51235186:C:T	0.9402	0.1281	Pt3	exonic	CD33	nonsynonymous SNV	CD33:ENST00000421133.6:exon4:c.C394T:p.H132Y,CD33:ENST00000436584.6:exon4:c.C394T:p.H132Y,CD33:ENST00000262262.4:exon5:c.C775T:p.H259Y,CD33:ENST00000391796.7:exon5:c.C775T:p.H259Y	19:51235186:C:T
Pt51_on	19:55096089:G:A	0.9611	0.1222	Pt51	exonic	PPP1R12C	nonsynonymous SNV	PPP1R12C:ENST00000263433.7:exon8:c.C1115T:p.P372L,PPP1R12C:ENST00000435544.6:exon8:c.C893T:p.P298L	19:55096089:G:A
Pt54_pre	19:8963425:C:T	0.9424	0.0811	Pt54	exonic	MUC16	nonsynonymous SNV	MUC16:ENST00000397910.8:exon3:c.G13345A:p.E4449K	19:8963425:C:T
Pt59_pre	19:8974381:G:A	0.9491	0.1014	Pt59	exonic	MUC16	nonsynonymous SNV	MUC16:ENST00000397910.8:exon1:c.C6758T:p.S2253F	19:8974381:G:A
Pt54_pre	19:9991654:C:T	0.9509	0.0504	Pt54	exonic	COL5A3	nonsynonymous SNV	COL5A3:ENST00000264828.3:exon24:c.G1948A:p.G650R	19:9991654:C:T
Pt76_pre	1:146019552:C:G	0.9017	0.1109	Pt76	exonic	HFE2	nonsynonymous SNV	HFE2:ENST00000336751.10:exon3:c.G280C:p.A94P	1:146019552:C:G
Pt8_on	1:151815305:C:T	0.9906	0.0183	Pt8	exonic	RORC	nonsynonymous SNV	RORC:ENST00000356728.10:exon4:c.G356A:p.G119E,RORC:ENST00000318247.6:exon5:c.G419A:p.G140E	1:151815305:C:T
Pt8_pre	1:151815305:C:T	0.9906	0.0183	Pt8	exonic	RORC	nonsynonymous SNV	RORC:ENST00000356728.10:exon4:c.G356A:p.G119E,RORC:ENST00000318247.6:exon5:c.G419A:p.G140E	1:151815305:C:T
Pt44_pre	1:156199995:G:T	0.9961	0.1296	Pt44	exonic	SLC25A44	nonsynonymous SNV	SLC25A44:ENST00000359511.4:exon2:c.G148T:p.G50W,SLC25A44:ENST00000423538.6:exon2:c.G148T:p.G50W	1:156199995:G:T
Pt87_pre	1:16053704:C:T	0.9937	0.0835	Pt87	exonic	CLCNKB	nonsynonymous SNV	CLCNKB:ENST00000375667.7:exon9:c.C1181T:p.P394L,CLCNKB:ENST00000375679.8:exon16:c.C1688T:p.P563L	1:16053704:C:T
Pt54_pre	1:203708025:C:T	0.9546	0.1658	Pt54	exonic	ATP2B4	nonsynonymous SNV	ATP2B4:ENST00000341360.6:exon9:c.C1478T:p.P493L,ATP2B4:ENST00000357681.9:exon10:c.C1478T:p.P493L,ATP2B4:ENST00000367218.7:exon10:c.C1478T:p.P493L	1:203708025:C:T
Pt87_pre	1:213997055:C:T	0.9763	0.0749	Pt87	exonic	PROX1	nonsynonymous SNV	PROX1:ENST00000261454.8:exon2:c.C520T:p.R174W,PROX1:ENST00000366958.8:exon2:c.C520T:p.R174W,PROX1:ENST00000435016.2:exon2:c.C520T:p.R174W,PROX1:ENST00000498508.6:exon2:c.C520T:p.R174W	1:213997055:C:T
Pt44_pre	1:237638429:G:T	0.9715	0.0745	Pt44	exonic	RYR2	nonsynonymous SNV	RYR2:ENST00000360064.7:exon43:c.G6817T:p.G2273W,RYR2:ENST00000366574.6:exon45:c.G6865T:p.G2289W	1:237638429:G:T
Pt29_pre	1:36098612:C:A	0.9739	0.0365	Pt29	exonic	COL8A2	nonsynonymous SNV	COL8A2:ENST00000303143.9:exon2:c.G1069T:p.G357W,COL8A2:ENST00000481785.1:exon2:c.G874T:p.G292W,COL8A2:ENST00000397799.1:exon4:c.G1069T:p.G357W	1:36098612:C:A
Pt72_pre	1:43420839:C:T	0.9671	0.1551	Pt72	exonic	SZT2	nonsynonymous SNV	SZT2:ENST00000562955.2:exon10:c.C1352T:p.P451L,SZT2:ENST00000634258.2:exon10:c.C1352T:p.P451L	1:43420839:C:T
Pt72_pre	1:55043885:G:A	0.9555	0.0974	Pt72	exonic	PCSK9	nonsynonymous SNV	PCSK9:ENST00000302118.5:exon2:c.G250A:p.E84K	1:55043885:G:A
Pt47_on	1:56886162:C:T	0.9484	0.0181	Pt47	exonic	C8A	nonsynonymous SNV	C8A:ENST00000361249.3:exon7:c.C1091T:p.S364F	1:56886162:C:T
Pt47_pre	1:56886162:C:T	0.9484	0.0181	Pt47	exonic	C8A	nonsynonymous SNV	C8A:ENST00000361249.3:exon7:c.C1091T:p.S364F	1:56886162:C:T
Pt54_pre	20:53975394:C:T	0.9077	0.1785	Pt54	exonic	BCAS1	nonsynonymous SNV	BCAS1:ENST00000371435.6:exon8:c.G1177A:p.E393K,BCAS1:ENST00000395961.7:exon8:c.G1177A:p.E393K	20:53975394:C:T
Pt54_pre	20:59036756:G:A	0.928	0.1753	Pt54	exonic	PRELID3B	nonsynonymous SNV	PRELID3B:ENST00000371033.9:exon3:c.C206T:p.S69L,PRELID3B:ENST00000355937.8:exon4:c.C296T:p.S99L	20:59036756:G:A
Pt54_pre	21:32334170:G:A	0.9075	0.1834	Pt54	exonic	URB1	nonsynonymous SNV	URB1:ENST00000382751.3:exon29:c.C4850T:p.P1617L	21:32334170:G:A
Pt7_pre	21:44330887:G:A	0.9151	0.027	Pt7	exonic	C21orf2	nonsynonymous SNV	C21orf2:ENST00000325223.7:exon6:c.C575T:p.P192L,C21orf2:ENST00000339818.8:exon6:c.C578T:p.P193L,C21orf2:ENST00000397956.7:exon6:c.C575T:p.P192L	21:44330887:G:A
Pt47_on	21:46112045:C:A	0.9865	0.2106	Pt47	exonic	COL6A2	nonsynonymous SNV	COL6A2:ENST00000397763.5:exon2:c.C182A:p.S61Y,COL6A2:ENST00000409416.5:exon2:c.C182A:p.S61Y,COL6A2:ENST00000300527.8:exon3:c.C182A:p.S61Y,COL6A2:ENST00000310645.9:exon3:c.C182A:p.S61Y	21:46112045:C:A
Pt47_pre	21:46112045:C:A	0.9865	0.2106	Pt47	exonic	COL6A2	nonsynonymous SNV	COL6A2:ENST00000397763.5:exon2:c.C182A:p.S61Y,COL6A2:ENST00000409416.5:exon2:c.C182A:p.S61Y,COL6A2:ENST00000300527.8:exon3:c.C182A:p.S61Y,COL6A2:ENST00000310645.9:exon3:c.C182A:p.S61Y	21:46112045:C:A
Pt8_on	22:26340516:G:A	0.9675	0.1353	Pt8	exonic	SEZ6L	nonsynonymous SNV	SEZ6L:ENST00000402979.1:exon9:c.G1415A:p.G472E,SEZ6L:ENST00000403121.5:exon9:c.G1415A:p.G472E,SEZ6L:ENST00000248933.10:exon10:c.G2096A:p.G699E,SEZ6L:ENST00000343706.8:exon10:c.G2096A:p.G699E,SEZ6L:ENST00000360929.7:exon10:c.G2096A:p.G699E,SEZ6L:ENST00000404234.7:exon10:c.G2096A:p.G699E,SEZ6L:ENST00000529632.6:exon10:c.G2096A:p.G699E,SEZ6L:ENST00000629590.2:exon10:c.G2096A:p.G699E	22:26340516:G:A
Pt8_pre	22:26340516:G:A	0.9675	0.1353	Pt8	exonic	SEZ6L	nonsynonymous SNV	SEZ6L:ENST00000402979.1:exon9:c.G1415A:p.G472E,SEZ6L:ENST00000403121.5:exon9:c.G1415A:p.G472E,SEZ6L:ENST00000248933.10:exon10:c.G2096A:p.G699E,SEZ6L:ENST00000343706.8:exon10:c.G2096A:p.G699E,SEZ6L:ENST00000360929.7:exon10:c.G2096A:p.G699E,SEZ6L:ENST00000404234.7:exon10:c.G2096A:p.G699E,SEZ6L:ENST00000529632.6:exon10:c.G2096A:p.G699E,SEZ6L:ENST00000629590.2:exon10:c.G2096A:p.G699E	22:26340516:G:A
Pt106_pre	22:26375604:G:A	0.9325	0.0359	Pt106	exonic	SEZ6L	nonsynonymous SNV	SEZ6L:ENST00000403121.5:exon12:c.G1945A:p.E649K,SEZ6L:ENST00000343706.8:exon13:c.G2629A:p.E877K,SEZ6L:ENST00000360929.7:exon13:c.G2632A:p.E878K,SEZ6L:ENST00000402979.1:exon14:c.G2173A:p.E725K,SEZ6L:ENST00000529632.6:exon14:c.G2818A:p.E940K,SEZ6L:ENST00000629590.2:exon14:c.G2824A:p.E942K,SEZ6L:ENST00000248933.10:exon15:c.G2857A:p.E953K,SEZ6L:ENST00000404234.7:exon15:c.G2854A:p.E952K	22:26375604:G:A
Pt44_pre	2:176326848:G:A	0.957	0.1195	Pt44	exonic	MTX2	nonsynonymous SNV	MTX2:ENST00000443241.5:exon2:c.G64A:p.G22R,MTX2:ENST00000249442.10:exon5:c.G232A:p.G78R	2:176326848:G:A
Pt54_pre	2:178575256:C:T	0.9456	0.1165	Pt54	exonic	TTN	nonsynonymous SNV	TTN:ENST00000342175.11:exon154:c.G44257A:p.E14753K,TTN:ENST00000359218.10:exon154:c.G44056A:p.E14686K,TTN:ENST00000460472.6:exon154:c.G43681A:p.E14561K,TTN:ENST00000342992.10:exon275:c.G63172A:p.E21058K,TTN:ENST00000615779.5:exon275:c.G65953A:p.E21985K,TTN:ENST00000591111.5:exon276:c.G65953A:p.E21985K,TTN:ENST00000589042.5:exon326:c.G70876A:p.E23626K	2:178575256:C:T
Pt94_pre	2:178579007:C:T	0.9566	0.1449	Pt94	exonic	TTN	nonsynonymous SNV	TTN:ENST00000342175.11:exon148:c.G41404A:p.E13802K,TTN:ENST00000359218.10:exon148:c.G41203A:p.E13735K,TTN:ENST00000460472.6:exon148:c.G40828A:p.E13610K,TTN:ENST00000342992.10:exon269:c.G60319A:p.E20107K,TTN:ENST00000615779.5:exon269:c.G63100A:p.E21034K,TTN:ENST00000591111.5:exon270:c.G63100A:p.E21034K,TTN:ENST00000589042.5:exon320:c.G68023A:p.E22675K	2:178579007:C:T
Pt65_pre	2:178733031:C:T	0.9805	0.0961	Pt65	exonic	TTN	nonsynonymous SNV	TTN:ENST00000342992.10:exon52:c.G12413A:p.G4138D,TTN:ENST00000615779.5:exon52:c.G15194A:p.G5065D,TTN:ENST00000591111.5:exon53:c.G15194A:p.G5065D,TTN:ENST00000589042.5:exon55:c.G16145A:p.G5382D	2:178733031:C:T
Pt68_pre	2:182756362:G:A	0.9363	0.0434	Pt68	exonic	DNAJC10	nonsynonymous SNV	DNAJC10:ENST00000616986.4:exon17:c.G1564A:p.E522K,DNAJC10:ENST00000264065.11:exon18:c.G1702A:p.E568K	2:182756362:G:A
Pt65_pre	2:219224217:C:T	0.9776	0.1595	Pt65	exonic	ATG9A	nonsynonymous SNV	ATG9A:ENST00000409422.5:exon6:c.G971A:p.G324D,ATG9A:ENST00000396761.6:exon7:c.G1154A:p.G385D,ATG9A:ENST00000361242.8:exon8:c.G1154A:p.G385D,ATG9A:ENST00000409618.5:exon8:c.G1154A:p.G385D	2:219224217:C:T
Pt48_pre	2:30787166:C:T	0.9223	0.0281	Pt48	exonic	CAPN13	nonsynonymous SNV	CAPN13:ENST00000295055.12:exon2:c.G160A:p.E54K	2:30787166:C:T
Pt32_pre	2:84552978:G:A	0.9425	0.0692	Pt32	exonic	DNAH6	nonsynonymous SNV	DNAH6:ENST00000237449.10:exon9:c.G1546A:p.E516K,DNAH6:ENST00000389394.7:exon10:c.G1546A:p.E516K	2:84552978:G:A
Pt34_pre	2:86442181:C:T	0.9776	0.0773	Pt34	exonic	KDM3A	nonsynonymous SNV	KDM3A:ENST00000312912.9:exon2:c.C134T:p.S45F,KDM3A:ENST00000409064.5:exon2:c.C134T:p.S45F,KDM3A:ENST00000542128.5:exon2:c.C134T:p.S45F,KDM3A:ENST00000409556.5:exon3:c.C134T:p.S45F	2:86442181:C:T
Pt86_on	2:96713117:G:A	0.9678	0.1765	Pt86	exonic	LMAN2L	nonsynonymous SNV	LMAN2L:ENST00000377079.8:exon5:c.C530T:p.P177L	2:96713117:G:A
Pt86_pre	2:96713117:G:A	0.9678	0.1765	Pt86	exonic	LMAN2L	nonsynonymous SNV	LMAN2L:ENST00000377079.8:exon5:c.C530T:p.P177L	2:96713117:G:A
Pt94_pre	3:101229523:C:T	0.9127	0.1001	Pt94	exonic	IMPG2	nonsynonymous SNV	IMPG2:ENST00000193391.7:exon17:c.G3490A:p.E1164K	3:101229523:C:T
Pt9_on	3:10401000:G:A	0.9629	0.0754	Pt9	exonic	ATP2B2	nonsynonymous SNV	ATP2B2:ENST00000352432.8:exon4:c.C734T:p.S245F,ATP2B2:ENST00000638646.1:exon4:c.C734T:p.S245F,ATP2B2:ENST00000360273.6:exon5:c.C734T:p.S245F,ATP2B2:ENST00000383800.8:exon5:c.C734T:p.S245F,ATP2B2:ENST00000397077.5:exon7:c.C734T:p.S245F	3:10401000:G:A
Pt9_pre	3:10401000:G:A	0.9629	0.0754	Pt9	exonic	ATP2B2	nonsynonymous SNV	ATP2B2:ENST00000352432.8:exon4:c.C734T:p.S245F,ATP2B2:ENST00000638646.1:exon4:c.C734T:p.S245F,ATP2B2:ENST00000360273.6:exon5:c.C734T:p.S245F,ATP2B2:ENST00000383800.8:exon5:c.C734T:p.S245F,ATP2B2:ENST00000397077.5:exon7:c.C734T:p.S245F	3:10401000:G:A
Pt70_on	3:111884298:C:T	0.9497	0.2054	Pt70	exonic	PHLDB2	nonsynonymous SNV	PHLDB2:ENST00000481953.5:exon1:c.C221T:p.P74L,PHLDB2:ENST00000393925.7:exon2:c.C221T:p.P74L,PHLDB2:ENST00000412622.5:exon2:c.C221T:p.P74L,PHLDB2:ENST00000431670.6:exon2:c.C221T:p.P74L,PHLDB2:ENST00000477695.5:exon2:c.C221T:p.P74L,PHLDB2:ENST00000478922.1:exon2:c.C221T:p.P74L,PHLDB2:ENST00000393923.7:exon3:c.C302T:p.P101L	3:111884298:C:T
Pt70_pre	3:111884298:C:T	0.9497	0.2054	Pt70	exonic	PHLDB2	nonsynonymous SNV	PHLDB2:ENST00000481953.5:exon1:c.C221T:p.P74L,PHLDB2:ENST00000393925.7:exon2:c.C221T:p.P74L,PHLDB2:ENST00000412622.5:exon2:c.C221T:p.P74L,PHLDB2:ENST00000431670.6:exon2:c.C221T:p.P74L,PHLDB2:ENST00000477695.5:exon2:c.C221T:p.P74L,PHLDB2:ENST00000478922.1:exon2:c.C221T:p.P74L,PHLDB2:ENST00000393923.7:exon3:c.C302T:p.P101L	3:111884298:C:T
Pt65_pre	3:125929392:G:A	0.906	0.1918	Pt65	exonic	ALG1L	nonsynonymous SNV	ALG1L:ENST00000340333.7:exon6:c.C524T:p.S175F,ALG1L:ENST00000611639.1:exon6:c.C584T:p.S195F	3:125929392:G:A
Pt90_pre	3:12817283:C:T	0.9023	0.0657	Pt90	exonic	CAND2	nonsynonymous SNV	CAND2:ENST00000295989.9:exon8:c.C2072T:p.P691L,CAND2:ENST00000456430.6:exon10:c.C2351T:p.P784L	3:12817283:C:T
Pt18_pre	3:130440349:C:A	0.9856	0.1516	Pt18	exonic	COL6A5	nonsynonymous SNV	COL6A5:ENST00000265379.10:exon36:c.C5999A:p.S2000Y	3:130440349:C:A
Pt7_pre	3:167560197:G:A	0.9791	0.1094	Pt7	exonic	WDR49	nonsynonymous SNV	WDR49:ENST00000308378.7:exon5:c.C518T:p.S173F	3:167560197:G:A
Pt54_pre	3:38908091:G:A	0.9341	0.0669	Pt54	exonic	SCN11A	nonsynonymous SNV	SCN11A:ENST00000302328.7:exon10:c.C1331T:p.S444L,SCN11A:ENST00000444237.2:exon10:c.C1331T:p.S444L,SCN11A:ENST00000456224.7:exon10:c.C1331T:p.S444L	3:38908091:G:A
Pt83_on	3:41882270:G:A	0.989	0.0688	Pt83	exonic	ULK4	nonsynonymous SNV	ULK4:ENST00000420927.5:exon18:c.C1667T:p.S556F	3:41882270:G:A
Pt83_pre	3:41882270:G:A	0.989	0.0688	Pt83	exonic	ULK4	nonsynonymous SNV	ULK4:ENST00000420927.5:exon18:c.C1667T:p.S556F	3:41882270:G:A
Pt47_on	4:122247277:G:A	0.9279	0.0477	Pt47	exonic	KIAA1109	nonsynonymous SNV	KIAA1109:ENST00000388738.7:exon33:c.G5432A:p.G1811E,KIAA1109:ENST00000264501.8:exon35:c.G5432A:p.G1811E	4:122247277:G:A
Pt47_pre	4:122247277:G:A	0.9279	0.0477	Pt47	exonic	KIAA1109	nonsynonymous SNV	KIAA1109:ENST00000388738.7:exon33:c.G5432A:p.G1811E,KIAA1109:ENST00000264501.8:exon35:c.G5432A:p.G1811E	4:122247277:G:A
Pt94_pre	4:174310030:G:A	0.9006	0.0738	Pt94	exonic	CEP44	nonsynonymous SNV	CEP44:ENST00000296519.6:exon6:c.G859A:p.E287K,CEP44:ENST00000426172.3:exon6:c.G859A:p.E287K,CEP44:ENST00000457424.6:exon8:c.G859A:p.E287K,CEP44:ENST00000503780.5:exon8:c.G859A:p.E287K	4:174310030:G:A
Pt72_pre	4:186082644:G:A	0.9205	0.1805	Pt72	exonic	TLR3	nonsynonymous SNV	TLR3:ENST00000504367.1:exon2:c.G127A:p.G43R,TLR3:ENST00000296795.7:exon4:c.G958A:p.G320R	4:186082644:G:A
Pt72_pre	4:76004840:A:T	0.9742	0.1618	Pt72	exonic	CXCL9	nonsynonymous SNV	CXCL9:ENST00000264888.5:exon3:c.T245A:p.V82E	4:76004840:A:T
Pt83_pre	4:99342826:G:A	0.9081	0.0903	Pt83	exonic	ADH1C	nonsynonymous SNV	ADH1C:ENST00000515683.5:exon6:c.C797T:p.S266L	4:99342826:G:A
Pt65_pre	5:115171134:C:T	0.9824	0.017	Pt65	exonic	TRIM36	nonsynonymous SNV	TRIM36:ENST00000379618.6:exon2:c.G152A:p.G51E	5:115171134:C:T
Pt79_pre	5:132542079:C:T	0.9686	0.1414	Pt79	exonic	IL5	nonsynonymous SNV	IL5:ENST00000231454.5:exon3:c.G242A:p.G81E	5:132542079:C:T
Pt7_pre	5:141151635:G:A	0.9171	0.2064	Pt7	exonic	PCDHB6	nonsynonymous SNV	PCDHB6:ENST00000231136.3:exon1:c.G1378A:p.E460K,PCDHB6:ENST00000622991.1:exon2:c.G970A:p.E324K	5:141151635:G:A
Pt54_pre	6:167951535:C:T	0.9122	0.1746	Pt54	exonic	AFDN	nonsynonymous SNV	AFDN:ENST00000392112.5:exon28:c.C4109T:p.P1370L,AFDN:ENST00000344191.8:exon29:c.C4160T:p.P1387L,AFDN:ENST00000366806.6:exon29:c.C4037T:p.P1346L,AFDN:ENST00000392108.7:exon29:c.C4160T:p.P1387L,AFDN:ENST00000400822.7:exon29:c.C4157T:p.P1386L,AFDN:ENST00000447894.6:exon29:c.C4160T:p.P1387L,AFDN:ENST00000351017.8:exon30:c.C4181T:p.P1394L	6:167951535:C:T
Pt54_pre	6:169744256:C:T	0.9375	0.0927	Pt54	exonic	TCTE3	nonsynonymous SNV	TCTE3:ENST00000366774.3:exon2:c.G139A:p.E47K	6:169744256:C:T
Pt8_on	6:32052936:G:T	0.9381	0.1934	Pt8	exonic	TNXB	nonsynonymous SNV	TNXB:ENST00000611016.2:exon7:c.C2003A:p.P668H,TNXB:ENST00000375244.7:exon26:c.C8849A:p.P2950H	6:32052936:G:T
Pt8_pre	6:32052936:G:T	0.9381	0.1934	Pt8	exonic	TNXB	nonsynonymous SNV	TNXB:ENST00000611016.2:exon7:c.C2003A:p.P668H,TNXB:ENST00000375244.7:exon26:c.C8849A:p.P2950H	6:32052936:G:T
Pt92_on	6:75137508:G:A	0.9062	0.1858	Pt92	exonic	COL12A1	nonsynonymous SNV	COL12A1:ENST00000345356.10:exon16:c.C1831T:p.P611S,COL12A1:ENST00000416123.6:exon30:c.C5323T:p.P1775S,COL12A1:ENST00000322507.12:exon31:c.C5323T:p.P1775S,COL12A1:ENST00000483888.6:exon31:c.C5323T:p.P1775S,COL12A1:ENST00000615798.4:exon31:c.C1756T:p.P586S	6:75137508:G:A
Pt92_pre	6:75137508:G:A	0.9062	0.1858	Pt92	exonic	COL12A1	nonsynonymous SNV	COL12A1:ENST00000345356.10:exon16:c.C1831T:p.P611S,COL12A1:ENST00000416123.6:exon30:c.C5323T:p.P1775S,COL12A1:ENST00000322507.12:exon31:c.C5323T:p.P1775S,COL12A1:ENST00000483888.6:exon31:c.C5323T:p.P1775S,COL12A1:ENST00000615798.4:exon31:c.C1756T:p.P586S	6:75137508:G:A
Pt58_on	7:100096093:C:T	0.9257	0.1141	Pt58	exonic	MCM7	nonsynonymous SNV	MCM7:ENST00000354230.7:exon10:c.G748A:p.E250K,MCM7:ENST00000621318.4:exon10:c.G748A:p.E250K,MCM7:ENST00000303887.9:exon11:c.G1276A:p.E426K	7:100096093:C:T
Pt54_pre	7:101002537:G:A	0.9054	0.0306	Pt54	exonic	MUC12	nonsynonymous SNV	MUC12:ENST00000536621.5:exon2:c.G11974A:p.E3992K,MUC12:ENST00000379442.7:exon5:c.G12403A:p.E4135K	7:101002537:G:A
Pt47_on	7:127704944:A:T	0.9754	0.0174	Pt47	exonic	SND1	nonsynonymous SNV	SND1:ENST00000354725.7:exon8:c.A946T:p.R316W	7:127704944:A:T
Pt47_pre	7:127704944:A:T	0.9754	0.0174	Pt47	exonic	SND1	nonsynonymous SNV	SND1:ENST00000354725.7:exon8:c.A946T:p.R316W	7:127704944:A:T
Pt54_pre	7:24865371:G:A	0.9741	0.1799	Pt54	exonic	OSBPL3	nonsynonymous SNV	OSBPL3:ENST00000396429.5:exon6:c.C644T:p.S215F,OSBPL3:ENST00000396431.5:exon6:c.C644T:p.S215F,OSBPL3:ENST00000409069.5:exon6:c.C644T:p.S215F,OSBPL3:ENST00000313367.6:exon7:c.C644T:p.S215F	7:24865371:G:A
Pt53_pre	7:7370814:C:G	0.9053	0.0163	Pt53	exonic	COL28A1	nonsynonymous SNV	COL28A1:ENST00000399429.7:exon33:c.G2977C:p.G993R	7:7370814:C:G
Pt3_on	7:83387021:C:T	0.9493	0.0288	Pt3	exonic	SEMA3E	nonsynonymous SNV	SEMA3E:ENST00000307792.7:exon15:c.G1697A:p.G566E,SEMA3E:ENST00000427262.5:exon15:c.G1517A:p.G506E	7:83387021:C:T
Pt3_pre	7:83387021:C:T	0.9493	0.0288	Pt3	exonic	SEMA3E	nonsynonymous SNV	SEMA3E:ENST00000307792.7:exon15:c.G1697A:p.G566E,SEMA3E:ENST00000427262.5:exon15:c.G1517A:p.G506E	7:83387021:C:T
Pt54_pre	8:116854270:G:A	0.9528	0.183	Pt54	exonic	RAD21	nonsynonymous SNV	RAD21:ENST00000297338.6:exon9:c.C1136T:p.P379L	8:116854270:G:A
Pt54_pre	8:132037444:C:T	0.9336	0.0015	Pt54	exonic	OC90;RP11-240B13.2	nonsynonymous SNV	OC90:ENST00000254627.3:exon9:c.G673A:p.G225R,RP11-240B13.2:ENST00000262283.5:exon12:c.G1261A:p.G421R	8:132037444:C:T
Pt60_on	8:138153004:G:A	0.9468	0.1415	Pt60	exonic	FAM135B	nonsynonymous SNV	FAM135B:ENST00000395297.5:exon13:c.C1471T:p.H491Y	8:138153004:G:A
Pt60_pre	8:138153004:G:A	0.9468	0.1415	Pt60	exonic	FAM135B	nonsynonymous SNV	FAM135B:ENST00000395297.5:exon13:c.C1471T:p.H491Y	8:138153004:G:A
Pt54_pre	8:68087773:G:A	0.9353	0.0639	Pt54	exonic	PREX2	nonsynonymous SNV	PREX2:ENST00000288368.4:exon19:c.G2077A:p.G693R	8:68087773:G:A
Pt106_pre	9:72213981:G:A	0.9346	0.0295	Pt106	exonic	GDA	nonsynonymous SNV	GDA:ENST00000238018.8:exon5:c.G568A:p.E190K,GDA:ENST00000358399.7:exon5:c.G568A:p.E190K,GDA:ENST00000376986.5:exon5:c.G442A:p.E148K,GDA:ENST00000545168.5:exon5:c.G346A:p.E116K	9:72213981:G:A
Pt54_pre	9:96938559:G:A	0.9125	0.0397	Pt54	exonic	NUTM2G	nonsynonymous SNV	NUTM2G:ENST00000372322.3:exon7:c.G1636A:p.G546R	9:96938559:G:A
Pt54_pre	X:105898650:C:T	0.9465	0.1835	Pt54	exonic	NRK	nonsynonymous SNV	NRK:ENST00000243300.13:exon8:c.C647T:p.P216L	X:105898650:C:T
Pt54_pre	X:41559789:G:A	0.9341	0.0438	Pt54	exonic	CASK	nonsynonymous SNV	CASK:ENST00000421587.6:exon17:c.C1709T:p.S570L,CASK:ENST00000378154.1:exon18:c.C1727T:p.S576L,CASK:ENST00000378158.5:exon18:c.C1727T:p.S576L,CASK:ENST00000378163.5:exon18:c.C1727T:p.S576L,CASK:ENST00000378166.8:exon18:c.C1727T:p.S576L,CASK:ENST00000442742.6:exon18:c.C1727T:p.S576L	X:41559789:G:A
Pt13_on	X:66255067:G:A	0.9155	0.0392	Pt13	exonic	HEPH	nonsynonymous SNV	HEPH:ENST00000419594.5:exon13:c.G2029A:p.E677K,HEPH:ENST00000336279.9:exon15:c.G1795A:p.E599K,HEPH:ENST00000343002.6:exon15:c.G2596A:p.E866K,HEPH:ENST00000441993.6:exon16:c.G2605A:p.E869K,HEPH:ENST00000519389.5:exon16:c.G2758A:p.E920K	X:66255067:G:A
Pt13_pre	X:66255067:G:A	0.9155	0.0392	Pt13	exonic	HEPH	nonsynonymous SNV	HEPH:ENST00000419594.5:exon13:c.G2029A:p.E677K,HEPH:ENST00000336279.9:exon15:c.G1795A:p.E599K,HEPH:ENST00000343002.6:exon15:c.G2596A:p.E866K,HEPH:ENST00000441993.6:exon16:c.G2605A:p.E869K,HEPH:ENST00000519389.5:exon16:c.G2758A:p.E920K	X:66255067:G:A
